metric,value
mean_sampson_px2,0.2398372788134127
median_sampson_px2,0.1350381412265366
rank,2
