patch_size,token_count
4.000000000000000000e+00,6.400000000000000000e+01
8.000000000000000000e+00,6.966919456958368073e+01
1.400000000000000000e+01,7.584057299960169019e+01
1.600000000000000000e+01,8.255861932153067073e+01
2.400000000000000000e+01,8.987175801418614185e+01
3.200000000000000000e+01,9.783270305313871518e+01
