method,threshold_summary,dice,iou
global_otsu,0.3273521400896868,0.9254061078622482,0.8611682186479622
sauvola,0.17530022830374087,0.6463507612688585,0.47748762587472265
