side,pixels,scipy_edt_seconds
128,16384,0.0008079730000645213
256,65536,0.003026087999842275
512,262144,0.015620680000210996
1024,1048576,0.08696869000004881
