class,pixel_count,fraction
flat,22938,0.350006103515625
edge_like,40893,0.6239776611328125
corner_like,983,0.0149993896484375
