beta,max_abs_error
1,3.2746951882035873
4,0.8033378222673836
12,0.25535460441184576
40,0.06926381228505948
